{
  "accuracy": 0.6187290969899666,
  "macro_f1": 0.6166471299737225,
  "per_class_f1": {
    "negative": 0.7330232558139534,
    "neutral": 0.4901185770750988,
    "positive": 0.6267995570321152
  }
}