learning_rate,accuracy,macro_f1
1e-05,0.6247491638795987,0.6167354119137874
5e-05,0.6367892976588628,0.6196354184259159
0.0001,0.620066889632107,0.607149412105739
